{
  "0": {
    "red": null,
    "green": null
  },
  "1": {
    "red": null,
    "green": null
  },
  "2": {
    "red": null,
    "green": null
  },
  "3": {
    "red": null,
    "green": [
      28.714939672556547,
      155.27010702622962
    ]
  },
  "4": {
    "red": null,
    "green": null
  },
  "5": {
    "red": null,
    "green": [
      299.34885377597595,
      32.64185524296443
    ]
  },
  "6": {
    "red": null,
    "green": [
      291.7876999530647,
      36.73332154079466
    ]
  },
  "7": {
    "red": null,
    "green": [
      216.4168386718498,
      123.78997844523002
    ]
  }
}